{
    "activation": "tanh",
    "accuracy": 0.7142857142857143,
    "f1_weighted": 0.7102979122683556,
    "classes": [
        "negativo",
        "neutral",
        "positivo"
    ],
    "classification_report": {
        "negativo": {
            "precision": 0.6842105263157895,
            "recall": 0.5652173913043478,
            "f1-score": 0.6190476190476191,
            "support": 23.0
        },
        "neutral": {
            "precision": 0.75,
            "recall": 0.75,
            "f1-score": 0.75,
            "support": 20.0
        },
        "positivo": {
            "precision": 0.7096774193548387,
            "recall": 0.8148148148148148,
            "f1-score": 0.7586206896551724,
            "support": 27.0
        },
        "accuracy": 0.7142857142857143,
        "macro avg": {
            "precision": 0.7146293152235428,
            "recall": 0.7100107353730541,
            "f1-score": 0.7092227695675971,
            "support": 70.0
        },
        "weighted avg": {
            "precision": 0.7128304632549115,
            "recall": 0.7142857142857143,
            "f1-score": 0.7102979122683556,
            "support": 70.0
        }
    }
}