{
    "accuracy": 0.7285714285714285,
    "f1_weighted": 0.7261958155696295,
    "classes": [
        "negativo",
        "neutral",
        "positivo"
    ],
    "classification_report": {
        "negativo": {
            "precision": 0.6666666666666666,
            "recall": 0.6086956521739131,
            "f1-score": 0.6363636363636364,
            "support": 23.0
        },
        "neutral": {
            "precision": 0.9285714285714286,
            "recall": 0.65,
            "f1-score": 0.7647058823529411,
            "support": 20.0
        },
        "positivo": {
            "precision": 0.6857142857142857,
            "recall": 0.8888888888888888,
            "f1-score": 0.7741935483870968,
            "support": 27.0
        },
        "accuracy": 0.7285714285714285,
        "macro avg": {
            "precision": 0.7603174603174603,
            "recall": 0.7158615136876006,
            "f1-score": 0.725087689034558,
            "support": 70.0
        },
        "weighted avg": {
            "precision": 0.748843537414966,
            "recall": 0.7285714285714285,
            "f1-score": 0.7261958155696295,
            "support": 70.0
        }
    }
}