{
    "accuracy": 0.7101449275362319,
    "f1_weighted": 0.6987924379228727,
    "classes": [
        "negativo",
        "neutral",
        "positivo"
    ],
    "classification_report": {
        "negativo": {
            "precision": 0.6666666666666666,
            "recall": 0.45454545454545453,
            "f1-score": 0.5405405405405406,
            "support": 22.0
        },
        "neutral": {
            "precision": 0.875,
            "recall": 0.7,
            "f1-score": 0.7777777777777778,
            "support": 20.0
        },
        "positivo": {
            "precision": 0.6578947368421053,
            "recall": 0.9259259259259259,
            "f1-score": 0.7692307692307693,
            "support": 27.0
        },
        "accuracy": 0.7101449275362319,
        "macro avg": {
            "precision": 0.7331871345029239,
            "recall": 0.6934904601571268,
            "f1-score": 0.6958496958496959,
            "support": 69.0
        },
        "weighted avg": {
            "precision": 0.7236206458174421,
            "recall": 0.7101449275362319,
            "f1-score": 0.6987924379228727,
            "support": 69.0
        }
    }
}