{
    "accuracy": 0.6865671641791045,
    "f1_weighted": 0.6802626451127923,
    "classes": [
        "negativo",
        "neutral",
        "positivo"
    ],
    "classification_report": {
        "negativo": {
            "precision": 0.5882352941176471,
            "recall": 0.47619047619047616,
            "f1-score": 0.5263157894736842,
            "support": 21.0
        },
        "neutral": {
            "precision": 0.8235294117647058,
            "recall": 0.7,
            "f1-score": 0.7567567567567568,
            "support": 20.0
        },
        "positivo": {
            "precision": 0.6666666666666666,
            "recall": 0.8461538461538461,
            "f1-score": 0.7457627118644068,
            "support": 26.0
        },
        "accuracy": 0.6865671641791045,
        "macro avg": {
            "precision": 0.6928104575163397,
            "recall": 0.674114774114774,
            "f1-score": 0.6762784193649493,
            "support": 67.0
        },
        "weighted avg": {
            "precision": 0.6889083991805678,
            "recall": 0.6865671641791045,
            "f1-score": 0.6802626451127923,
            "support": 67.0
        }
    }
}